incidentID,blockID,genLocation
II1300002,0,500 blk of JOHN STREET E
II1300001,14,600 blk of GREEN E
II1300003,0,CIRCLE K
II1300004,9,COMPUTER APPLICATION BLDG
II1300006,0,KIRK / GERTY
II1300007,0,WILLARD AIRPORT
2975-2012,34,LUNDGREN HALL
2964-2012,16,TOWNSEND HALL
2965-2012,34,SCOTT HALL
2967-2012,34,SNYDER HALL
2968-2012,34,VAN DOREN HALL
CC1300070,0,800 blk of S FOURTH ST
II1300015,0,UNIVERSITY AV E / THIRD ST
II1300016,4,SIEBEL
CC1300115,14,600 blk of GREEN ST E
II1300021,0,MAHOMET
II1300024,18,IUB
II1300026,0,JOES BREWERY
II1300029,23,PSYCHOLOGY BUILDING
II1300030,0,100 blk of FOURTH ST N
II1300031,0,ABBOTT POWER PLANT
CC1300186,0,STARBUCKS
II1300033,19,KCPA
II1300034,26,700 blk of GREGORY ST S
II1300035,0,ILLINOIS TERMINAL
II1300036,0,MOBIL SUPER PANTRY
II1300039,0,SPRINGFIELD / NEIL
II1300038,0,GREGORY DR W / DORNER DR
II1300040,25,OREGON ST W / GOODWIN AV
II1300041,47,ILLINI UNION
II1300049,17,PARKING LOT D-5
II1300045,0,PARKING LOT E-15
II1300050,50,CRCE
II1300051,34,BLAISELL RESIDENCE HALL
II1300048,15,600 blk of MATHEWS AVE S
II1300044,36,MADIGAN LAB
CC1300287,11,200 blk of WRIGHT ST S
100-2013,32,ALLEN HALL
CC1300162,0,CHESTER STREET BAR
CC1300247,0,COUNTY MARKET
II1300055,34,WESTON RESIDENCE HALL
II1300058,34,IKENBERRY QUAD
II1300056,0,VET MED BASIC SCIENCE
II1300060,0,CLARK ST E / WRIGHT ST
CC1300268,0,300 blk of GREEN ST E
CC1300345,0,PHI KAPPA SIGMA
CC1300254,0,300 blk of E CHALMERS
CC1300255,0,SPRINGFIELD / WRIGHT
II1300061,18,JOHN ST E / SIXTH / WRIGHT
II1300120,32,LINCOLN AVE RES HALLS
CC1300386,34,300 blk of E GREGORY DR
II1300065,0,FOURTH ST S / JOHN ST
II1300067,0,GREEN ST E / FIRST
CC1300387,0,500 blk of S FIRST ST
CC1300361,0,500 blk of FIRST ST S
CC1300297,0,1000 blk of OAK ST S
CC1300415,0,JOE'S BREWERY
CC1300416,0,300 blk of JOHN ST E
CC1300435,0,300 blk of CHALMERS ST E
CC1300427,0,300 blk of E HEALEY ST
CC1300368,0,100 blk of DANIEL E
II1300069,41,SAUNDERS RESIDENCE HALL
II1300070,47,WRIGHT ST S / GREEN ST
II1300071,41,OGLESBY RESIDENCE HALL
II1300073,34,FOURTH ST S / GREGORY DR
CC1300377,0,300 blk of W WHITE ST
CSA-13-1,16,WARDALL HALL
II1300077,34,GREGORY DR E / 1ST STREET
II1300079,43,KIRBY AV E / FIRST ST
II1300081,21,S FOURTH ST / DANIEL ST
II1300084,47,SMITH MUSIC
II1300088,35,HUFF HALL PARING LOT
II1300087,32,ALLEN RESIDENCE HALL
II1300089,4,SIEBEL CENTER
II1300091,25,BASIL THAI
II1300092,18,ILLINI UNION BOOKSTORE
II1300093,0,1300 blk of GREEN ST W
CC1300271,0,300 blk of HEALEY ST E
CC1300554,0,100 blk of E HEALEY ST
165-2013,34,WESTON HALL
179-2013,32,LAR
195-2013,34,HOPKINS HALL
203-2013,34,TAFT HALL
208-2013,41,BLAISDELL HALL
209-2013,41,CARR HALL
II1300094,15,300 blk of MATHEWS AVENUE N
II1300096,0,COURTHOUSE
II1300100,17,PARKING LOT C-7
UU1300302,0,600 blk of OHIO ST W
CC1300461,0,200 blk of GREEN E
CC1300589,0,700 blk of LOCUST ST S
CC1300492,0,ALPHA EPSILON PHI
II1300112,34,SNYDER RESIDENCE HALL
II1300110,11,EVERITT LAB
II1300115,32,LEONARD RESIDENCE HALL
CC1300485,0,RED LION
CC1300530,0,FOURTH ST S / GREEN ST
CC1300578,31,1100 blk of FOURTH ST S
CC1300544,0,300 blk of DANIEL ST E
CC1300541,0,500 blk of THIRD ST S
252-2013,41,OGLESBY HALL
II1300118,0,LINCOLN AV S / NEVADA
CC1300574,0,GREEN ST E / THIRD
CC1300648,0,"RED LION,CH"
CC1300640,0,FIFTH / STOUGHTON
CC1300582,0,THE PORCH
CC1300532,0,100 blk of SPRINGFIELD AV E
CC1300632,0,"CLYBORNS,CH"
263-2013,32,LEONARD HALL
273-2013,34,CLARK HALL
II1300121,0,MAPLE ST W / PROSPECT
II1300122,16,GOODWIN AV S / GREEN
CC1300660,0,AUTO ZONE
CC1300629,0,100 blk of GREEN ST E
CC1300612,0,ILLINI VIDEO ARCADE
II1300123,0,SIXTH ST S / ARMORY AV
II1300125,16,ISR
II1300114,0,300 blk of GREEN STREET E
283-2013,41,TRELEASE HALL
II1300134,0,ICYT
II1300138,0,200 blk of NEIL STREET S
II1300136,24,ASIAN AMERICAN CULTURE
CC1300571,0,SIGMA ALPHA MU
II1300140,0,ARMORY
II1300143,0,ILLINOIS BUS TERMINAL
CC1300756,0,1000 blk of THIRD ST S
CC1300718,0,100 blk of DANIEL ST E
CSA-13-2,0,CHAMPAIGN APT
II1300149,0,JOHN ST E / FOURTH ST
II1300148,34,VAN DOREN RESIDENCE HALL
CC1300716,0,300 blk of WHITE ST E
UU1300451,0,800 blk of LINCOLN AV S
249-2013,32,Allen Hall
314-2013,0,FORBES HALL
305-2013,32,SHELDON HALL
CSA-13-3,0,FRATERNITY
II1300160,41,PAR
II1300162,0,FIRST ST S / DANIEL ST
II1300163,36,DAVID KINLEY HALL
II1300168,0,1100 blk of OREGON W
II1300166,0,UNIVERSITY E / FIRST
II1300169,0,OREGON / GOODWIN
II1300167,0,MARKET ST / EUREKA ST
II1300172,41,TRELEASE RESIDENCE HALL
II1300173,7,SPRINGFIELD AV W / MATHEWS AV
II1300178,0,LOCUST ST W / WOOD ST
II1300180,16,WARDALL RESIDENCE HALL
CC1300782,0,FIREHAUS BAR
CC1300807,0,CHESTER ST BAR
CC1300760,0,900 blk of LOCUST S
CC1300945,14,BROTHERS BAR & GRILL
CC1300948,0,THIRD ST S / DANIEL ST
CC1300944,0,ILLINI INN
CC1300806,0,200 blk of E WHITE ST
CC1300781,0,JOHN ST E / FIRST ST
344-2013,41,PAR DINING
II1300141,0,CAMARGO
CC1300946,14,CLYBOURNES
CC1300947,14,700 blk of SIXTH S
CC1300950,0,WHITE HORSE INN
CC1300813,31,blk of ARMORY E
CC1300920,0,900 blk of LOCUST ST S
CC1300905,0,FIFTH S / GREEN
CC1300900,0,900 blk of SECOND S
II1300186,47,UNDERGRAD LIBRARY
II1300192,36,"CATLIN, IL"
II1300191,34,FORBES RESIDENCE HALL
II1300193,34,TAFT RESIDENCE HALL
CC1300949,36,FIREHAUS
CC1300951,0,KAM'S BAR
CC1300958,27,FOURTH STREET S / CHALMERS
CC1300985,14,BROTHERS BAR
CC1301046,0,500 blk of E STOUGHTON ST
CC1300999,0,SIGMA PHI EPSILON
CC1300968,0,SILVER MINE SUBS
II1300195,10,MURPHY'S PUB
II1300194,14,SIXTH ST / GREEN ST
II1300198,35,GREGORY DRIVE / FOURTH ST
II1300197,0,HYDROGEN LIQUEFIER BLDG
II1300199,16,TOWNSEND RESIDENCE HALL
II1300234,0,OAK ST LIBRARY
II1300203,47,HENRY ADMIN
II1300205,41,BABCOCK RESIDENCE HALL
II1300209,0,2400 blk of GREEN E
CC1205368,0,400 blk of FIFTH S
CC1301051,10,DEN LIQUOR
II1300211,34,SCOTT RESIDENCE HALL
II1300210,14,SIXTH ST S / GREEN ST
II1300213,0,1100 blk of SPRINGFIELD AV W
II1300212,47,CHEM ANNEX
CC1301064,0,500 blk of STOUGHTON ST E
II1300217,16,GREEN / GOODWIN
II1300218,9,SIXTH ST S / SPRINGFIELD AV
II1300219,39,ARC
II1300222,0,LOCUST ST S / JOHN ST.
II1300224,0,COUNTRY FAIR / ROUND BARN
II1300225,32,SHELDON RESIDENCE HALL
CC1301063,14,CLYBOURNE
II1300226,17,PARKING LOT E-34
II1300229,36,STOCK PAVILION
II1300231,0,1400 blk of NEIL ST N
CC1301074,0,1100 blk of EUCLID ST
229-2013,50,BUSEY HALL
II1300233,0,PARKING LOT F-27
II1300236,0,900 blk of GREEN ST W
II1300237,0,JOHN ST E / FIFTH ST
II1300242,47,UNDERGRADUATE LIBRARY
II1300245,36,ACES LIBRARY
II1300248,0,FIRST ST S / GREEN ST
II1300243,13,LOOMIS LAB
II1300239,0,COLONEL WOLFE SCHOOL
CC1301288,0,SIGMA CHI
CC1301093,14,700 blk of S SIXTH ST
424-2013,10,MURPHY'S
II1300253,36,UNIVERSITY AV W / HARVEY ST
II1300255,17,PARKING LOT C-10
CC1301136,14,FIRE HAUS BAR
CC1301169,0,900 blk of THIRD ST S
458-2013,11,ENGINEERING HALL
CSA-13-6,0,UNKNOWN
II1300256,0,FIFTH / GREEN
II1300262,47,LINCOLN HALL
II1300258,0,NATURAL RESOURCES
II1300257,0,KIRBY E / FOURTH
II1300270,36,LINCOLN AV S / ILLINOIS ST
II1300269,13,GREEN ST W / GOODWIN AV
CC1301160,0,500 blk of JOHN ST E
CC1301170,0,ARMORY AV E / SECOND
CC1301157,0,GREEN ST E / SECOND STREET
CC1301180,14,CLYBORNS
CC1301214,34,200 blk of PEABODY DR E
CC1301164,0,OMEGA DELTA FRATERNITY
461-2013,41,SAUNDERS HALL
II1300271,25,GOODWIN AVENUE S / W OREGON
II1300276,43,ASSEMBLY HALL
II1300279,0,CAMPUS LIQUORS
II1300280,47,QUAD SHOP
CC1301132,0,LOCUST ST S / E JOHN
CC1301248,0,400 blk of E WHITE ST
II1300284,0,WING AND OUT
II1300286,0,ORCHARD ST S / GEORGE HUFF
II1300285,26,NEVADA ST W / GREGORY ST
II1300290,0,PARKING LOT B-4
II1300292,0,GREEN STREET E / S. THIRD ST./S
CC1301398,0,300 blk of E UNIVERSITY AVE
II1300291,17,PARKING LOT D-15
II1300297,47,DAVENPORT HALL
II1300301,36,TURNER GREEN HOUSES
CC1301456,0,400 blk of E HEALEY
CC1301431,0,"LOT J-CH,CH"
515-2013,34,SDRP - IKENBERRY COMMONS
II1300311,34,GARNER RESIDENCE HALL
II1300308,49,CHILD CARE RESOURCE SERVI
CC1301042,0,FIRST / GREEN
CC1301112,0,300 blk of CLARK E
CC1301347,11,100 blk of S WRIGHT STREET
CC1301372,0,700 blk of THIRD ST S
CC1301414,14,IT'S BROTHER TWO BAR
CC1301392,0,200 blk of E GREEN ST
CC1301422,0,100 blk of E GREEN ST
II1300315,22,FIFTH ST S / DANIEL ST
II1300318,42,PARKING LOT E-14
II1300321,34,LUNDGREN RESIDENCE HALL
II1300325,0,GREEN STREET E / S THIRD ST
II1300326,47,HENRY ADMINISTRATION
CC1301427,0,500 blk of S THIRD ST
CC1301393,0,100 blk of FOURTH ST S
CC1301381,0,FIFTH ST S / JOHN ST
II1300331,12,GREEN ST W / MATHEWS AV
II1300332,0,FIRST STREET S / E. JOHN STREET
II1300334,0,POST I
II1300338,47,GREGORY HALL
CC1301483,0,100 blk of E JOHN ST
CC1301383,0,PI KAPPA ALPHA
II1300345,10,GREEN STREET E / THIRD
II1300357,0,FIRST S / GREEN
CC1301571,0,200 blk of GREEN ST E
CC1301534,29,ILLINI MEDIA
CC1301515,0,PARKING LOT
UU1300770,41,ALPHA TAU OMEGA
II1300351,0,SPRINGFIELD E / FOURTH
II1300354,0,BUSEY N / FAIRVIEW
II1300355,0,400 blk of GREEN ST E
II1300353,24,AISS
UU1300767,25,"CANOPY CLUB,UR"
II1300361,47,ENGLISH BUILDING
II1300371,13,DANIELS RESIDENCE HALL
II1300374,34,NUGENT RESIDENCE HALL
II1300376,0,RANDOLPH ST S / GREEN
CC1301654,0,300 blk of E DANIEL ST
CC1301587,0,300 blk of E ARMORY
CC1301579,27,blk of CHALMERS ST E
CC1301550,0,"JOES BREWERY,CH"
CC1301559,0,200 blk of WHITE ST E
UU1300782,25,CANOPY CLUB
II1300377,14,700 blk of SIXTH ST S
II1300378,17,PARKING LOT C-3
II1300380,0,LOCUST S / CHALMERS
II1300381,0,1000 blk of S LOCUST ST
II1300382,0,S SECOND ST / JOHN ST
II1300383,0,S THIRD ST / DANIEL ST
II1300384,0,S LOCUST ST / GREEN ST
II1300385,0,S OAK ST / CHALMERS ST
II1300386,0,JOHN / OAK
II1300388,0,S THIRD ST / CHALMERS ST
II1300389,0,S THIRD ST / JOHN ST
II1300390,34,FIRST ST / GREGORY
II1300392,0,E UNIVERSITY AV / FOURTH ST
II1300397,0,POST OFFICE
II1300399,0,S FIRST ST / CHALMERS ST
II1300400,0,900 blk of S SECOND ST
II1300404,0,SPRINGFIELD AVE / FIFTH ST
II1300401,17,PARKING LOT C-16
II1300407,0,FOURTH ST S / SPRINGFIELD AV
II1300379,0,blk of ARMORY AV E
II1300396,15,MATHEWS AV S / OREGON
CC1301693,0,300 blk of S SECOND ST
CC1301715,0,200 blk of ARMORY E
CC1301807,0,blk of E CHALMERS ST
CC1301792,0,DANIEL ST E / FIRST
CC1301782,0,900 blk of OAK ST S
CC1301785,0,blk of JOHN ST E
CC1301791,0,blk of E JOHN ST
CC1301802,0,KAMS
CC1301793,0,JOHN ST E / SECOND
CC1301801,0,800 blk of THIRD ST S
CC1301638,0,CHALMERS ST / OAK ST
CC1301639,0,blk of CHAMPAIGN AREA
CC1301641,0,blk of E UNIVERSITY AVE
CC1301640,10,CAMPUS AREA
587-2013,34,NUGENT HALL
II1300415,21,SHERMAN RESIDENCE HALL
II1300412,0,PARKING LOT E-10
II1300421,0,GREEN ST E / LOCUST ST
II1300418,0,GREGORY ST S / GREEN ST
CC1301846,10,blk of GREEN STREET E
UU1301002,36,UN-OFFICIAL DETAIL
II1300432,32,ILLINI GROVE
CC1301611,0,US POST OFFICE
CC1301863,0,HIGH DIVE
II1300437,47,COMMUNICATIONS BUILDING
CC1301811,0,800 blk of LOCUST ST S
571-2013,0,PRIVATE PROPERTY
608-2013,41,BABCOCK HALL
II1300444,15,CHEM LIFE SCIENCE
II1300443,19,KRANNERT CENTER
CC1301819,0,SUPER PANTRY
CC1301840,0,300 blk of E JOHN ST
CC1301850,30,100 blk of ARMORY AV E
CC1301875,0,1000 blk of S FIRST ST
CC1301815,0,RED LION BAR
CC1301829,0,400 blk of E GREEN ST
CC1301703,0,400 blk of E HEALEY ST
CC1301758,0,NOODLES & CO
II1300452,18,S SIXTH ST / JOHN ST
CC1301828,34,GREGORY DR E / FIRST
II1300453,16,200 blk of GOODWIN AV N
II1300455,0,WILLARD
II1300473,17,PARKING LOT B-7
II1300474,0,KCPA PARKING LOT
II1300475,18,600 blk of DANIEL ST E
II1300465,0,RAINBOW CT / RAINBOW VIEW
II1300480,31,FOURTH ST S / ARMORY AV
II1300481,0,SECOND ST S / ARMORY AV
II1300485,11,GRAINGER LIBRARY
II1300490,47,GREEN ST W / WRIGHT
II1300491,41,CARR RESIDENCE HALL
CC1302056,31,FOURTH ST / E ARMORY
II1300496,47,NOYES LAB
CC1301898,0,800 blk of S FIRST ST
CC1301907,0,1000 blk of S THIRD ST
CC1301912,0,300 blk of S WATER ST
CC1301827,0,blk of GREEN E
CC1301911,0,LAMBDA CHI ALPHA
CC1301733,0,UNIV PLACE CHRISTIAN CHUR
CC1302005,0,100 blk of E CHALMERS ST
CC1301959,0,PSI UPSILON
CC1301938,0,LEGENDS BAR
CC1301858,0,HOME TOWN PANTRY
UU1300989,19,GOODWIN AVE / ILLINOIS ST
II1300498,36,NAT SOYBEAN RESEARCH
II1300494,0,"OMER, MI"
FI130600290,0,ACACIA HOUSE
II1300504,0,RANDOLPH ST S / SPRINGFIELD AV
II1300506,17,PARKING LOT E-26
CC1302058,0,IHOP
CC1302033,21,900 blk of S FOURTH ST
CC1301903,0,GREEN ST E / FOURTH ST
UU1301188,8,GOODWIN AV S / SPRINGFIELD AV
II1300513,0,PARKING LOT F-16
II1300518,0,PAR FOOD SERVIVE
II1300517,0,MAIN LIBRARY
II1300521,0,VILLAGE AT COLBERT PARK
II1300531,36,WOHLERS HALL
II1300530,0,RANTOUL
II1300536,0,SMALL ANIMAL CLINIC
CC1302099,0,THE BEACH SUN AND SPA
UU1301061,0,800 blk of NEVADA ST W
CSA-13-10,0,URBANA APARTMENT
II1300538,0,1400 blk of SILVER
II1300540,0,WINDSOR RD E / PHILO RD
II1300541,0,FOURTH ST S / WHITE ST
II1300539,0,NEIL ST S / SPRINGFIELD AV
II1300543,0,GREEN E / LOCUST
II1300544,0,NEIL ST S / GREEN ST
II1300550,0,CVS PARKING LOT
II1300549,24,AFRICAN AMERICAN CULTURAL
II1300547,0,300 blk of UNIVERSITY AV E
II1300552,1,DIGITAL COMPUTER LAB
II1300554,11,MEL
II1300556,15,WESLEY METHODIST CHURCH
II1300565,1,1000 blk of STOUGHTON ST W
II1300569,0,THIRD ST S / HEALEY ST
II1300572,0,CHURCH ST W / BUSEY AV
UU1301301,0,800 blk of GREEN ST W
II1300574,34,NUGENT HALL BIKE RACK
II1300580,0,BUS TERMINAL
II1300581,0,FIFTH ST S / GREEN ST
II1300588,0,MICROELECTRONICS
II1300590,0,GREEN E / THIRD
UU1300301,25,1200 blk of OREGON ST W
UU1300542,50,NEVADA ST W / GOODWIN AV
UU1300543,25,1200 blk of OREGON W
UU1300544,40,GOODWIN AVE S / ILLINOIS
UU1300545,0,1200 blk of NEVADA W
UU1300769,25,700 blk of GOODWIN AVE S
UU1300791,25,1100 blk of NEVADA ST W
UU1300792,25,W OREGON ST / GOODWIN AV
UU1300793,24,MATHEWS AV S / OREGON ST
UU1300801,25,700 blk of GOODWIN AV S
UU1300805,0,1000 blk of LINCOLN AV S
II1300595,14,SIXTH STREET S / GREEN ST E
II1300598,0,CLARK W / GREGORY
II1300601,0,UNIVERSITY AVE / MC COULLOUGH
II1300596,0,700 blk of FOURTH S
II1300605,0,FOURTH ST S / HEALEY
II1300609,31,ARMORY AV E / FOURTH ST
II1300610,34,SDRP
II1300111,0,PHI KAPPA PSI
II1300624,22,DELTA DELTA DELTA
UU1301474,0,LINCOLN S AV / GREEN ST
CC1302140,47,GREEN / WRIGHT
CC1302089,0,700 blk of FIFTH ST S
CC1302153,14,IT'S BROTHERS BAR
CC1302159,0,LEGENDS
CC1302149,0,UNIVERSITY / WRIGHT
CC1302183,0,900 blk of SECOND ST S
CC1302043,0,500 blk of W WHITE ST
CC1302023,0,MARCO RECYCLING
CC1302232,10,"DEN LIQUOR,CH"
CC1302223,27,1000 blk of FOURTH ST S
CC1302041,0,PICCADILLY LIQUORS
CC1302262,0,500 blk of GREEN ST E
CC1302259,0,400 blk of HEALEY ST E
CC1302367,0,400 blk of FIRST ST S
CC1302395,0,100 blk of SPRINGFIELD E
II1300614,0,AMEREN
II1300633,23,CHALMERS ST E / SIXTH ST
II1300637,35,1200 blk of FOURTH ST S
II1300639,0,100 blk of MATHEWS N
II1300643,33,BASKETBALL COURTS
II1300645,47,DANIEL ST E / WRIGHT ST
II1300644,42,PARKING LOT E-14 BUS STOP
II1300648,38,PEABODY E / FIRST
II1300647,0,STOUGHTON ST E / FIFTH ST
II1300651,0,KIRBY AV W / PROSPECT AV
II1300654,0,FIRST ST S / WHITE ST
II1300653,0,CURTIS RD W / PARKVIEW LN
II1300656,0,CARLE HOSPITAL
II1300655,0,600 blk of WINDSOR RD W
CC1302931,0,1200 blk of JOANNE LN
II1300662,22,LIBRARY AND INFO SCIENCE
II1300663,34,IKENBERRY COMMONS
879-2013,0,BROMLEY HALL
II1300664,47,ILLINI UNION BUS SHELTER
II1300672,0,SCOTT BIKE RACKS
II1300674,34,HOPKINS HALL BIKE RACK
II1300673,47,ALMA MATER
CC1302705,0,EVO CAFE
CC1302662,0,blk of S SIXTH ST
CC1302619,0,STATION 211
CC1302528,0,300 blk of SECOND ST S
II1300678,18,SIXTH ST S / JOHN ST
II1300682,0,SECOND S / GREEN E
896-2013,13,DANIELS HALL
II1300689,47,DEPT OF COMMUNICATION
II1300695,0,900 blk of HICKORY N
II1300697,0,TACO BELL PARKING LOT
II1300705,30,1100 blk of OAK STREET S
II1300704,36,COLLEGE CT / VIRGINIA DR
II1300708,47,HENRY ADMIN BLDG
II1300706,4,SIEBEL BLDG
II1300707,47,FOELLINGER AUDITORIUM
II1300725,47,ILLINI UNION BUS STOP
UU1301519,0,WINDSOR / VINE
891-2013,0,"ALACHUA, FL"
908-2013,0,SCHNUCKS
II1300724,36,ANIMAL SCIENCE LAB
II1300719,0,JET'S PIZZA
II1300728,43,ASSEMLBY HALL SW QUAD LOT
II1300727,0,PARKING LOT B-1
II1300730,40,FLORIDA AV W / LINCOLN
II1300732,14,STUDENT SERVICE
II1300736,0,1000 blk of COLLEGE CT
CC1302906,0,200 blk of E SPRINGFIELD AVE
CC1302894,0,E CHALMERS ST / LOCUST
CC1302960,0,SIGMA CHI FRATERNITY
CC1302823,0,900 blk of FIRST ST S
CC1302872,0,100 blk of FIFTH ST S
CC1302869,0,400 blk of SPRINGFIELD AV E
CC1302885,27,400 blk of CHALMERS ST E
CC1302883,0,700 blk of FIRST ST S
CC1302861,0,200 blk of E JOHN ST
CC1302805,0,EVERGREEN TOBACCO
II1300742,35,BUSINESS INSTRUCTIONAL FA
II1300740,15,BURRILL HALL
II1300743,0,THIRD ST S / GREEN ST
II1300746,0,800 blk of THIRD S
II1300752,0,HAWTHORNE SUITES
II1300749,0,STERLING COURT
II1300744,0,LINCOLN AV S / OREGON ST
II1300758,47,WRIGHT STREET S / CLARK
II1300764,17,PARKING LOT E-3
II1300760,0,QUAD
II1300765,10,600 blk of SIXTH STREET S
II1300762,0,PARKING LOT B-2
II1300761,0,DANCE STUDIO
II1300773,0,HOUSING FOOD STORES
UU1301615,0,SIGMA PI
UU1301594,0,1100 blk of OREGON ST W
UU1301595,0,MATTHEWS / NEVADA
UU1301354,0,700 blk of OHIO ST W
CC1303003,0,CLYBOURNE BAR
CC1303004,0,CAMPUS LIQUOR
CC1302651,14,700 blk of S SIXTH STREET
CC1303095,0,600 blk of CLARK E
CC1303073,0,600 blk of E UNIVERSITY
CC1303019,0,200 blk of STOUGHTON ST E
CC1303001,0,BUSEY BANK
CC1302953,0,DOMINO'S
CC1303219,0,400 blk of WHITE ST E
CC1303169,0,S FIFTH ST / JOHN ST
CC1303132,0,600 blk of UNIVERSITY AV E
CC1303106,0,700 blk of FIRST S
CC1303108,0,100 blk of JOHN ST E
CSA-13-11,47,FLB
II1300790,34,PEABODY DR E / EUCLID
II1300787,1,BECKMAN INSTITUTE
II1300909,0,400 blk of ELM STREET W
CSA-13-12,0,APT FIFTH/GREEN
II1300802,0,600 blk of FIRST ST S
II1300801,36,SURVEYING BUILDING
II1300803,11,MECHANICAL ENG LAB
II1300804,0,PARKING LOT A-3
II1300806,0,UNIVERSITY AVENUE E / MARKET
II1300808,47,LICOLN HALL
II1300817,0,PARKING LOT E-27
II1300819,47,ILLINI UNION COURTYARD
II1300820,33,SIX PACK BASKETBALL COURT
1016-2013,0,PRETTY NAILS
II1300822,47,OUTSIDE NOYES LAB
II1300828,0,FOURTH STREET N / UNIVERSITY
II1300824,0,GREEN ST E / FIFTH
CC1303264,0,700 blk of S FIRST ST
CC1303148,0,THIRD ST S / CHALMERS
CC1303200,0,500 blk of HEALEY ST E
CC1303285,0,HOMETOWN PANTRY
CC1303189,0,700 blk of FIFTH S
CC1303188,14,ITS BROTHERS
II1300833,1,ELECTRICAL & COMPUTER ENG
II1300837,14,TURNER STUDENT SERVICES
II1300840,0,FOURTH ST E / GREEN
CSA-13-13,0,UNKNOWN APT
II1300853,0,FIFTH ST S / SPRINGFIELD AVE
II1300862,38,LAW BUILDING
II1300857,34,SCOTT LAUNDRY FACILITY
II1300864,0,HEALEY E / THIRD
II1300868,0,NEIL ST S / GREEN
II1300869,47,NATURAL HISTORY BUILDING
II1300870,0,600 blk of GREEN ST W
II1300880,0,SNYDER BIKE RACK
II1300877,0,4200 blk of FIRST ST S
II1300884,35,ART & DESIGN
II1300903,0,CARR BIKE LOT
II1300901,1,BECKMAN
II1300907,41,BLAISDELL RESIDENCE HALL
II1300892,17,PARKING LOT F-13
CC1303678,0,600 blk of CLARK ST E
CC1303753,0,300 blk of WATER ST S
CC1303676,0,600 blk of S FIRST ST
CC1303570,0,200 blk of JOHN ST E
CC1303471,0,FIFTH ST S / STOUGHTON ST
CC1303585,0,S FOURTH ST / GREEN STREET
CC1303714,14,CLYBORNES
II1300910,0,2100 blk of ORCHARD ST
II1300918,0,400 blk of SANGAMON E
II1300928,36,UNIVERSITY / LINCOLN
II1300751,0,800 blk of FIRST ST S
1197-2013,0,ALPHA EPSILON PI
II1300929,0,300 blk of E GREEN ST
II1300950,0,OHIO / BUSEY
CC1303563,0,SKELTON PLACE
CC1303500,0,900 blk of S FIRST ST
CC1303530,0,300 blk of SPRINGFIELD AV E
CC1303401,0,BONEYARD CORRIDOR
CC1303449,29,1000 blk of SIXTH ST S
CC1303498,0,SECOND ST S / WHITE ST
CC1303268,0,200 blk of E DANIEL ST
CC1303391,0,300 blk of SECOND ST
CC1303855,0,WHITE HORSE
CC1303853,14,700 blk of S SIXTH
CC1303520,0,TAU KAPPA EPSILON
CC1303911,0,JOHN ST E / LOCUST
CC1303724,30,ALPHA CHI RHO
CC1303774,0,300 blk of STOUGHTON ST E
CC1303787,0,E GREEN ST / LOCUST ST
CC1303795,0,"CHI PSI,CH"
CC1303858,0,KAPPA SIGMA FRATERNITY
UU1302136,0,MUSIC ED ANNEX
II1300953,16,GOODWIN AV S / GREEN ST
II1300952,26,SCHOOL OF SOCIAL WORK
CC1303666,0,URBAN OUTFITTERS
CC1303689,0,800 blk of S SECOND ST
CC1303627,21,E DANIEL ST / FOURTH STREET
II1300959,33,BASKETBALL COURT
CC1303382,0,200 blk of CLARK ST E
FI131290062,36,UNIV STEAM TUNNEL
II1300961,0,PARKING LOT F-11
II1300970,0,GREEN STREET E / FIFTH ST
II1300972,0,KCPA PAKRING LOT
II1300971,0,MERRY ANNS DINER
II1300978,0,blk of GREEN ST E
II1300977,0,PARKING LOT F-25
II1300979,40,FLORIDA AV W / GOODWIN AV
II1300988,0,500 blk of UNIVERSITY AV E
CC1304177,0,PHI SIGMA KAPPA
CC1304250,0,600 blk of S THIRD ST
CC1304313,30,ALPHA CHI RO
CC1304157,0,300 blk of E JOHN S
CC1304181,0,200 blk of CHALMERS ST E
CC1304221,0,300 blk of STOUGHTON E
CC1304151,0,1100 blk of S SECOND ST
CC1304248,0,100 blk of W SPRINGFIELD AVE
CC1304301,0,E CHALMERS / FOURTH
CC1304346,0,300 blk of E ARMORY E
CC1304237,0,500 blk of E GREEN ST
CC1304208,14,600 blk of E GREEN ST
II1300994,25,MUSIC BUILDING
II1300999,0,BASKETBALL CTS
II1301004,0,THE WHIP HAIR SALON
II1301002,0,THE SMOKE SHACK
II1300997,0,NEIL ST / STADIUM DR
II1301005,39,MEMORIAL STADIUM
II1301011,14,GREEN ST E / SIXTH
II1301013,0,CHAMPAIGN TENT & AWNING
II1301018,0,OREGON ST E / WABASH AV
II1301019,12,MECHANICAL ENGINEERING
II1301021,0,GOODWIN AV N / MAIN ST
II1301024,0,100 blk of UNIVERSITY AV E
II1301023,14,GREEN ST E / SIXTH ST
II1301934,0,THE PLACE AT 117
CC1304420,0,GREEN STREET CAFE
CC1304648,30,S FIRST ST / ARMORY AV
CC1304525,0,E SPRINGFIELD AVE / THIRD ST
II1301031,36,AG ENG BUILDING
II1301032,0,FOURTH ST S / STOUGHTON ST
II1301033,0,IHOTEL
II1301034,0,CIRLE K GAS STATION
II1301037,0,RESEARCH PARK
II1301040,36,AGRICULTURE ENG SCIENCES
II1301045,0,MAIN LIBRARY BIKE RACK
II1301044,0,FLORIDA
II1301042,0,UNIVERSITY / CHESTNUT N
II1301052,0,MANOR MOTEL
CC1304729,0,DALLAS & COMPANY
II1301051,0,HEALEY ST E / FIFTH
II1301065,0,ALLEN BIKE RACK
II1301064,38,FIRST ST S / PEABODY DR
II1301061,0,CENTRAL RECEIVING STORE
II1301060,18,SWANLUND
II1301069,11,WRIGHT STREET S / HEALEY ST
II1301073,0,SPRINGFIELD AV E / SECOND ST
II1301077,0,800 blk of STATE ST N
II1301078,0,THE CLARK BAR
II1301084,4,SIEBEL CENTER FOR COMPUTE
II1301086,37,STADIUM DRIVE / OAK S
II1301082,0,CIRCLE K GARBAGE CAN
II1301088,0,FRAT PARK
II1301090,0,LOOMIS BIKE RACK
II1301093,0,PERKINS PARKING LOT
II1301176,0,300 blk of WASHINGTON W
II1301100,0,800 blk of UNIVERSITY AV W
II1301107,36,UNIVERSITY AV W / RANDOLPH ST
II1301112,0,900 blk of SPRINGFIELD AV W
II1301121,0,WINGSTOP
II1301124,0,WRIGHT ST N / UNIVERSITY AV
II1301123,47,GREEN ST W / WRIGHT ST
II1301126,0,TELECOMMUNICATIONS WAREHO
II1301129,17,PARKING LOT E-38
II1301127,0,CAPSTONE QUARTERS
II1301125,0,GREEN E / FIRST ST
II1301133,0,COUNTY MARKET SIDEWALK
II1301135,33,OAK ST S / GREGORY DR
UU1302584,0,100 blk of LINCOLN AV S
CC1304803,0,500 blk of THIRD S
CC1304789,0,MOBILE SUPER PANTRY
CC1304805,0,CLARK ST E / THIRD ST
CC1304797,0,HONG ZHOU TRADE GROUP
CC1304784,0,600 blk of E SPRINGFIELD AV
CC1304724,14,BERI FROZEN YOGURT
CC1304989,0,S FIRST ST / DANIEL ST
CC1304973,0,500 blk of S THIRD
CC1305022,0,THIRD ST S / CLARK
II1301137,0,GEORGE HUFF DR S / MUMFORD
II1301136,17,PARKING LOT B-21
II1301138,35,HUFF HALL
II1301143,0,CLOCK / BRADLEY
II1301142,0,UNIVERSITY AV E / THIRD
II1301144,0,blk of DANIEL ST E
II1301152,0,STEAK & SHAKE
II1301149,47,WRIGHT ST S / JOHN ST
II1301153,0,KIRBY AV W / STATE ST
II1301155,0,NEIL STREET N / TOWN CENTER
II1301156,0,STADIUM DR / NEIL ST
II1301165,13,ENGINEERING SCIENCES
II1301168,0,TURNER HALL BIKE RACK
II1301174,0,SPRINGFIELD / GREGORY
II1301171,1,DCL
II1301178,0,JOHN ST E / LOCUST ST
CSA-13-16,10,GREEN STREET TOWERS
II1301195,0,BEARDSLEY AV W / ELM ST
II1301199,46,ORCHARD DOWNS
II1301201,7,SPRINGFIELD AV W / GOODWIN AV
II1301202,0,100 blk of STERLING CT
II1301197,0,INTERSTATE DRIVE / N PROSPECT
II1300795,0,200 blk of JOHN E
II1301206,0,CATERPILLAR OFFICE
II1301203,0,PARKING LOT B-8
II1301205,0,NEIL S / WILLIAM ST
II1301204,0,PHI GAMMA DELTA
CC1305374,0,HABITAT FOR HUMANITY
CC1305368,0,100 blk of S FOURTH ST
CC1305309,0,300 blk of CLARK ST E
CC1305317,0,JIMMY JOHNS
CC1305321,0,WORLD HARVEST
CC1305131,0,400 blk of E SPRINGFIELD
CC1305130,0,300 blk of E CLARK ST
CC1305138,0,1000 blk of N CHAMPAIGN
CC1305146,0,500 blk of E CLARK ST
CC1305152,0,200 blk of E CLARK ST
CC1305187,0,100 blk of E DANIEL ST
CC1305188,0,WALGREENS
CC1305219,0,1000 blk of LOCUST ST S
CC1305097,0,LAI LAI
CC1305073,0,SCOTT PARK
II1301210,0,NEIL ST S / DEVONSHIRE DR
II1301220,37,STADIUM TERRACE
II1301219,0,FIRST ST S / KIRBY AV
II1301221,0,FOURTH ST S / SPRINGFIELD AVE
II1301224,0,2000 blk of VAWTER ST
II1301228,0,LOCUST ST S / SPRINGFIELD AV
II1301230,47,GREEN ST E / WRIGHT
II1301226,22,500 blk of DANIEL ST E
II1301233,0,SPRINGFIELD AV E / NEIL ST
II1301234,0,GREEN ST E / FIFTH ST
II1301238,4,NCSA
II1301242,0,PARK PLACE TOWERS
II1301237,31,HARDING BAND BUILDING
II1301248,47,WRIGHT ST S / JOHN STREET
II1301249,0,SPRINGFIELD AV E / THIRD ST
II1301253,27,FOURTH STREET S / CHALMER ST
II1301259,0,400 blk of THIRD ST S
II1301255,23,SIXTH ST S / CHALMERS ST
II1301264,0,SPEECH AND HEARING
CC1302655,0,blk of S FIFTH ST
II1301266,21,FOURTH ST S / DANIEL ST
II1301275,3,GOODWIN AVE N / UNIVERSITY AV
II1301240,0,100 blk of BUSEY AV N
II1301276,0,FIRST / CHALMERS
II1301277,47,ALTGELD HALL
II1301279,0,100 blk of GREEN STREET E
CC1306446,0,WALMART
II1301283,0,HESSEL BL / STATE ST
II1301299,0,SPRINGFIELD AVE E / THIRD ST S
II1301300,0,500 blk of FIRST STREET S
II1301304,0,NEWMARK
II1301305,0,FOURTH ST S / CLARK ST E
00323-2012,16,Wardall Hall
01815-001-201,0,"Clark St Apt, CH"
02579-001-201,41,Oglesby Hall
02611-001-201,0,Forbes Hall
01906-001-201,41,Sigma Nu
00975-001-201,0,Psi Upsilon
01656-001-201,0,Private Property
01396-001-201,30,Delta Chi
01533-001-201,0,Japan House
00288-001-201,45,Parking Lot F-23
01584-001-201,0,Quad
01730-001-201,0,Outdoor Property
02351-001-201,32,Illini Grove
00426-001-201,41,Babcock Hall
01111-001-201,34,Barton Hall
00310-001-201,41,Blaisdell Hall
01083-001-201,34,Hopkins Hall
00320-001-201,34,Lundgren Hall
00121-001-201,34,Nugent Hall
00299-001-201,34,Scott Hall
00248-001-201,34,Snyder Hall
00149-001-201,34,Taft Hall
00197-001-201,16,Townsend Hall
01784-001-201,41,Trelease Hall
00341-001-201,34,Van Doren Hall
02628-001-201,34,Weston Hall
01532-001-201,0,Sixth/Green
01338-001-201,0,"1107 S Second St, CH"
01471-001-201,0,"905 S Second St, CH"
01543-001-201,0,"54 E Chalmers St, CH"
01747-001-201,21,"401 E Daniel St, CH"
02282-001-201,36,"Naperville, IL"
02622-001-201,0,Internet
00346-001-201,43,State Farm Center
01027-001-201,17,Parking Lot C-10
02163-001-201,50,Busey Hall
02401-001-201,41,Carr Hall
00753-001-201,41,Saunders Hall
00857-001-201,34,SDRP - Ikenberry Commons
02912-001-201,41,PAR Dining
00834-001-201,23,600 Chalmers
00084-001-201,0,Red Lion Bar
00657-001-201,0,"803 S Second St, CH"
00721-001-201,21,Sherman Hall
01737-001-201,0,Third/John
00852-001-201,6,Apt on North Lincoln
01765-001-201,0,Europa House
01295-001-201,0,Academic Building
03015-001-201,0,Bromley Hall
01725-001-201,36,Univ in Japan
II1301310,0,KIRBY / FIRST
II1301314,16,ILLINOIS STREET RESIDENCE
II1301316,0,FIFTH ST S / SPRINGFIELD AV
CC1304669,0,900 blk of S THIRD ST
CC1304673,0,FOLLETS
CC1303493,0,S LOCUST ST / JOHN ST
CC1305495,0,800 blk of OAK ST S
CC1305507,0,300 blk of E CHALMERS ST
CC1305419,0,DANIEL E / FOURTH
CC1305620,14,GREEN STREET E / SIXTH STREET
CC1305527,9,500 blk of S SIXTH ST
CC1305526,0,WASHINGTON ST E / NEIL ST
CC1305647,0,500 blk of FIFTH ST S
CC1305652,0,DANIEL ST E / THIRD ST
CC1305668,0,100 blk of E SPRINGFIELD ST
CC1305679,0,blk of SPRINGFIELD AV E
CC1305680,0,300 blk of E DANIEL
CC1305692,0,WEST SIDE PARK
CC1305733,0,600 blk of SPRINGFIELD AV W
CC1305820,0,YMCS
CC1305852,0,SPRINGFIELD AV E / SECOND
CC1305866,0,THETA XI
CC1305985,0,WINGING OUT
UU1303790,0,400 blk of BURKWOOD CT W
UU1303333,0,900 blk of PENNSYLVANIA AV W
II1301322,13,MATERIAL RESEARCH LAB
CC1306464,0,400 blk of JOHN ST E
CC1306470,0,300 blk of CLARK ST W
CC1306363,0,S THIRD ST / DANIEL
CC1306467,0,300 blk of GREEN ST W
CC1306340,0,PAPA DELS
II1301326,0,ENTERPRISE WORKS
II1301325,0,FOURTH ST S / HEALEY ST
UU1303940,0,RACE ST S / MONTCLAIR RD
II1301340,0,1200 blk of UNIVERSITY AVENUE W
CC1306100,0,900 blk of S LOCUST
CC1306062,0,"THE BEEF STAND,CH"
CC1306200,0,500 blk of E HEALEY ST
CC1306197,0,HEALEY ST E / FIRST ST
CC1306255,0,CAR-X
CC1306245,0,PEOPLE'S PERFORMANCE AUTO
CC1306390,0,300 blk of E CLARK
CC1306435,0,SPACE #41
CC1306313,0,600 blk of S FOURTH
CC1306296,0,YMCA
II1301347,15,MEDICAL SCIENCE
II1301321,0,LINCOLN TRAIL SCHOOL
II1301351,0,700 blk of COLORADO AV
II1301352,0,PIATT COSO
II1301355,0,LOCUST ST S / JOHN ST
II1301356,40,GOODWIN AV S / ILLINOIS ST
II1301364,0,LINCOLN / WINDSOR
II1301372,0,FLORIDA AV W / LINCOLN AV
II1301378,0,INHS STORAGE BUILDING
II1301382,0,NEIL ST N / UNIVERSITY AVENUE
II1301383,10,GREEN ST W / GREGORY ST
II1301388,0,ALICE CAMPBELL ALUMNI
II1301390,0,TFC BANK
CC1306359,0,S FIRST ST / DANIEL
CC1306699,10,SIXTH ST S / HEALEY ST
CC1306603,0,blk of CHESTER ST
CC1306620,0,600 blk of E SPRINGFIELD
CC1306602,0,500 blk of CLARK ST E
II1301394,0,ALLEN HALL BIKE RACK
II1301393,0,MATTIS / PIONEER
II1301395,0,SIXTH / BRADLEY
II1301363,0,400 blk of GREEN ST W
CC1307055,0,PIZZA HUT
CC1307156,9,500 blk of SIXTH ST S
CC1306999,0,CLARK ST E / THIRD STREET
CC1306873,31,S FOURTH ST / ARMORY AV
CC1306990,0,LOT J
CC1306780,0,500 blk of WHITE ST E
CC1306959,0,300 blk of ARMORY AV E
CC1306923,0,GAMESTOP
CC1306844,0,E JOHN ST / THIRD ST
CC1306764,0,300 blk of SPRINGFIELD AVENUE E
CC1306909,0,500 blk of FOURTH ST S
CC1306977,0,600 blk of STOUGHTON ST E
CC1306787,0,200 blk of E SPRINGFIELD
CC1306768,11,100 blk of S WRIGHT ST
II1301407,0,500 blk of GREEN STREET E
II1301402,0,JOHN ST E / FOURTH ST S
II1301409,17,FIFTH / JOHN
II1301415,1,COORDINATED SCIENCE LAB
II1301414,36,RAL
II1301421,0,400 blk of STOUGHTON E
II1301423,0,SPRINGFIELD / LINCOLN
II1301425,0,1400 blk of GREGORY W
II1301428,0,LINCOLN AVE / GREEN ST
II1301429,11,WRIGHT S / SPRINGFIELD
II1301431,0,MATTHEW S / GOODWIN
FI132290031,17,Parking Lot D-15
FI132290088,0,Third/Chalmers
FI132290417,30,Alpha Chi Rho
FI132290328,0,Stadium/Oak
FI132290501,0,First/Daniel
II1301435,0,FOURTH / HEALEY
II1301433,9,WRIGHT / HEALEY
CC1307567,14,GREEN E / SIXTH
FI132300030,0,200 E Green
FI132300043,0,First/Green
AR132290519,0,Fourth/Green
AR132300008,17,Parking Lot C-7
FI132310019,0,Fifth/Green
FI132310013,0,100 W Green
II1301442,36,LINCOLN AVE / ILLINOIS ST
II1301448,0,CIRCLE K GAS STATION
FI132320160,34,IKENBERRY NORTH
II1301454,1,NEWMARK CIVIL ENGINEERING
II1301455,0,FOURTH ST / JOHN STREET
FI132330015,0,THIRD/DANIELS
FI132330015,27,IRWIN ACADEMIC SERV
II1301463,16,GOODWIN / SPRINGFIELD
II1301462,40,FOURTH STREET S / ST. MARY'S
II1301465,29,SIXTH / ARMORY
FI132340046,0,300 E White St
FI132340066,47,Lincoln Hall
FI132340069,50,Busey-Evans Resd Hall
II1301464,0,200 blk of DANIEL ST E
II1301466,0,SIXTH S / ARMORY
II1301472,0,THIRD ST / CHURCH ST
II1301476,34,HOPKINS RESIDENCE HALL
FI132350031,31,FOURTH/ARMORY
FI132350025,0,FOURTH/JOHN
FI132350004,0,509 E GREEN
FI132350339,14,CAREER CENTER
1517-2013,34,BOUSFIELD HALL
II1301481,0,ARMORY AVE E / FIRST
II1301479,29,WRIGHT STREET S / JOHN
II1301482,0,THE WHOPPER
II1301489,0,MAIN / VINE
FI132360049,50,NEVADA/GOODWIN
FI132360061,0,WALGREENS-GREEN
FI132360071,0,SIXTH/DANIEL
FI132360095,0,HARVEY/STOUGHTON
FI132360592,0,SIXTH/GREEN
II1301490,0,GREEN / FOURTH
II1301491,0,AT&T BUILDING
CC1307830,0,S SECOND / DANIEL
FI132370069,22,500 E DANIEL
FI132370017,21,900-BLK S FOURTH
AI132370106,0,501 E HEALEY
AI132370040,21,SHERMAN HALL
II1301506,41,FLORIDA AVE RESIDENCE HAL
II1301504,24,ASIAN AMERICAN STUDIES
FI132380001,0,DANIEL/FOURTH
FI132380032,0,300 E DANIEL
II1301515,35,BIF
II1301514,0,KILLARNEY W / LINCOLN
FI132390042,0,105 E GREEN
FI132390080,0,CIRCLE K-LINCOLN
FI132390049,0,700 S FIFTH
FI132390460,50,BUSEY-EVAN RESD HALL
AI132390581,18,SIXTH/JOHN
II1301518,0,500 blk of STOUGHTON E
II1301528,11,200 blk of WRIGHT N
II1301519,1,WHITE / WRIGHT
II1301532,0,THIRD STREET S / GREEN ST.
FI132390049,26,700 S GREGORY
FI132400525,30,52 E GREGORY
II1301529,8,GOODWIN AVE N / STOUGHTON
II1301536,0,JOHN STREET E / FIRST ST
II1301537,0,600 blk of STOUGHTON
II1301540,0,STUDENT STAFF APARTMENTS
II1301543,36,EDUCATION BUILDING
UU1301838,25,1200 blk of NEVADA ST W
UU1302049,0,800 blk of WESTERN
UU1302569,15,WESLEY FOUNDATION CHURCH
UU1303588,24,CHANNING MURRAY FOUNDATN
UU1303710,15,WESLEY CHURCH
UU1303823,15,WESLEY FOUNDATION
UU1304015,3,N GOODWIN AV / UNIVERSITY AV
UU1304245,0,800 blk of ILLINOIS ST W
UU1304259,0,HARVEY ST / UNIVERSITY AV
CC1307566,0,400 blk of E GREEN
CC1307445,0,500 blk of FIRST S
CC1307602,0,100 blk of E JOHN ST.
CC1307543,0,PANERA BREAD
CC1307353,0,GREEN ST E / FIRST ST
FI132420579,0,200-BLK DANIEL
FIROBBERYDET,0,FOURTH/SPRINGFIELD
CSA-13-17,0,AREA OF SAUNDERS RESD HALL
II1301551,0,SIGMA ALPHA EPSILON
FI132430026,0,502 E JOHN
II1301560,0,BUS STATION
II1301559,9,SHELFORD VIVARIUM
FI132440052,0,500 E GREEN
FI132440035,0,FIFTH/GREEN
FI132440052,0,600-BLK GREEN
FI132440046,0,1400-BLK FIRST
FI132440557,0,FIRST/GREEN
II1301563,0,THIRD S / SPRINGFIELD
II1301573,4,SIEBEL BUILDING
II1301575,18,SIXTH ST / JOHN
II1301579,0,PARKING LOT E-5
II1301577,0,700 blk of ILLINOIS W
II1301582,0,CCSO
II1301590,41,PAR DINING HALL
UU1304750,0,100 blk of LINCOLN AVE S
CC1307792,0,E CHALMERS / FIRST ST
CC1307782,0,E GREEN ST / FIFTH ST.
CC1307828,0,FIRST STREET / LOCUST
CC1307542,0,300 blk of E STOUGHTON
CC1307608,0,ILLINI ARCADE
CC1307768,14,CLYBORN
CC1307525,0,FOURTH / JOHN
CC1307772,0,200 blk of E HEALEY ST
CC1307767,0,E GREEN ST / FIFTH
CC1307783,31,FOURTH ST / ARMORY ST
CC1307791,0,600 blk of E SPRINGFIELD AVE
CC1307823,0,500 blk of CLARK E
CC1307796,0,blk of E GREEN ST
CC1307911,0,400 blk of SECOND S
CC1307887,36,100 blk of UNIVERSITY E
CC1307921,18,800 blk of SIXTH S
CC1307902,14,SIXTH STREET S / E GREEN
CC1307820,0,700 blk of S SECOND ST
CC1307884,0,300 blk of GREEN ST
CSA-13-18,0,APT FIRST/DANIEL
II1301602,0,SPRINGFIELD AVE / MATTHEWS
FI132470020,14,700-BLK SIXTH ST
II1301610,50,1000 blk of GREGORY DR
II1301609,0,500 blk of GREEN E
II1301611,35,APPLIED HEALTH SCIENCES
II1301613,0,FIFTH / CHALMERS
II1301612,0,PSYCHOLOGY
CC1308171,0,blk of OAK E
UU1304909,0,600 blk of ELM ST W
UU1304880,0,COLER AVE S / GREEN ST W
CC1308036,0,N SIXTH ST / E UNIVERSITY AVE
CC1307790,0,500 blk of HEALEY E
CC1307954,0,DUNKIN DONUTS
CC1307988,0,500 blk of SPRINGFIELD AVE E
CC1308038,0,"NOODLES AND CO, CH"
CC1308085,0,ALPHA SIGMA PHI
CC1308022,0,600 blk of E STOUGHTON ST
CC1308074,0,THIRD / CHALMERS
CC1308055,27,1000 blk of S FOURTH ST
CC1307948,14,CLYBOURNE'S
CC1307811,0,1000 blk of OAK S
CC1307807,0,1000 blk of S OAK ST
FI132480545,0,FOURTH/WHITE
FI132480562,0,900-BLK HARVEY
FI132480020,0,LINCOLN/UNIVERSITY
FI132480566,0,FIFTH/STOUGHTON
II1301620,0,PARKING LOT E-12
II1301618,18,DANIEL E / SIXTH ST S
II1301625,0,SOCCER FIELD
FI132490445,25,1100-BLK W NEVADA
FI132490062,0,MTD BUS
II1301629,0,MERRY ANNS
II1301631,0,FIRST STREET S / WHITE STREET
FI132500042,34,1200 S EUCLID
FI132500544,0,FIRST/ARMORY
AI132500069,41,FAR LOBBY
II1301634,34,EUCLID ST / GREGORY DR
II1301636,36,CAMPUS
II1301678,16,GOODWIN / ILLINOIS
CC1307821,0,CLYBOURNE'S BAR
FI132510126,0,PAPA JOHNS-GREEN
FI132510085,0,THETA CHI HOUSE
FI132510163,0,501 S SIXTH
FI132510002,0,200-BLK CHALMERS
II1301641,34,BOUSFIELD RESIDENCE HALL
II1301639,0,1300 blk of OLD CHURCH RD W
II1301638,0,PARKING LOT F-12
UU1304939,0,200 blk of BUSEY S
UU1304726,0,900 blk of LINCOLN AVE S
FI132520575,25,SIGMA DELTA TAU
1555-2013,0,HENDRICK HOUSE
1625-2013,34,TAFT-VAN DORAN HALL
II1301649,0,HORSE FARM
II1301654,0,I-74 / MM 196
FI132520575,0,200-BLK E GREEN
FI132530587,0,FIFTH/ARMORY
FI132530571,0,700-BLK GREEN
II1301663,0,SECOND ST S / JOHN ST E
II1301672,36,UPWARD BOUND
II1301676,0,blk of INTERSTATE 74
FI132540003,29,SIXTH/ARMORY
FI132540066,0,100 E JOHN
FI132540555,0,ARBORETUM
FI132540587,0,1102 S LINCOLN AVE
FI132530592,0,200 S ORCHARD
AI132540055,35,1200-BLK S FOURTH
AI132540073,25,1104 W NEVADA
AI132540073,0,PENNSYLVANIA/ANDERSON
II1301683,0,THIRD / DANIEL
II1301684,6,WASTE TRANSFER
II1301665,0,REHAB EDUCATION CENTER
II1301687,0,MOSS HOUSE
II1301670,16,ILLINOIS ST RESIDENCE HAL
UU1305119,0,700 blk of NEVADA ST
UU1305099,0,700 blk of NEVADA ST W
FI132550013,0,JAPAN HOUSE
FI132550043,0,FIRST/IRWIN
II1301693,22,1000 blk of FIFTH ST S
II1301694,0,FOURTH ST / SPRINGFIELD AV
II1301695,0,300 blk of HEALEY E
II1301702,33,OAK ST BASKETBALL COURTS
II1301699,22,LIBRARY INFORMATION SCI
FI132560023,17,FIFTH/JOHN
II1301706,0,500 blk of JOHN E
II1301712,47,GREEN ST / WRIGHT ST
FI132580044,48,1408 W GREGORY DR
FI132590512,10,PARKING LOT A-9
II1301728,13,LOOMIS LABORATORY
II1301725,0,SPURLOCK MUSEUM
UU1305273,0,WASHINGTON / PHEFFER
FI132600007,0,500-BLK GREEN
AI132600015,0,400-BLK E HEALEY
CSA-13-20,0,AREA OF 700-BLK FIFTH ST
II1301738,1,1000 blk of STOUGHTON W
II1301722,0,NY/NJ/WASHINGTON DC AREA
CC1308253,47,GREEN ST E / WRIGHT STREET
II1301752,0,STOUGHTON / WRIGHT
CC1308362,30,100 blk of E ARMORY AV
CC1308342,0,OAK / DANIEL
CC1308456,0,CAMPUS DISTRICT
CC1308251,0,THE RED LION
CC1308432,0,1100 blk of SECOND ST S
II1301758,19,ILLINOIS ST RESIDENCE
CC1308081,0,LOCUST / CHALMERS
FI132640013,0,SIXTH/SPRINGFIELD
II1301766,47,DANIEL ST E / WRIGHT
FI132640106,29,WRIGHT/JOHN
FI132640004,0,SECOND/ARMORY
AR132640101,0,1100 MATHEWS
AI132640074,6,KING SCHOOL
AI132640013,17,JOHN/FIFTH
II1301855,0,GREEN ST E / SECOND ST
FI132650304,50,BUSEY-EVANS RESD HALL
FI132650036,0,THIRD/DANIEL
II1301780,47,WRIGHT ST / DANIEL
II1301784,0,MONTICELLO POLICE DEPT
II1301792,38,400 blk of PEABODY DR
II1301803,15,CHEM LIFE SCIENCES
CC1308318,23,600 blk of E CHALMERS
CC1308373,0,100 blk of CHALMERS ST
CC1308154,0,900 blk of THIRD S
CC1308205,18,600 blk of E DANIEL ST
CC1308104,0,500 blk of E JOHN ST
CC1308139,14,S SIXTH ST / E GREEN
CC1308163,0,1000 blk of LOCUST ST
CC1308152,0,E JOHN ST / FIFTH ST
CC1308129,31,1100 blk of S FOURTH ST
CC1308270,0,300 blk of E WHITE ST
CC1308375,0,600 blk of STOUGHTON ST
CC1308271,0,100 blk of E DANEIL ST
CC1308333,0,500 blk of S FIFTH ST
CC1308327,0,500 blk of E SPRINGFIELD
CC1308325,0,200 blk of S THIRD ST
CC1308317,0,S EUCLID ST / ARMORY
CC1308468,0,PHI KAPPA DELTA
CC1308353,0,RED LION TAVERN
CC1307916,0,1000 blk of FIRST ST S
CC1308417,0,200 blk of E CHALMERS ST
CC1308702,0,400 blk of E JOHN ST
CC1308488,0,FIFTH STREET / GREEN STREET
CC1308562,0,DANIEL / FIRST
CC1308443,0,GREEN / SIXTH
CC1308346,14,CRACKED CORPORATION
CC1308637,0,FOURTH ST. / GREEN ST
CC1308870,0,blk of E ARMORY
CC1308459,0,300 blk of JOHN E
CC1308501,0,900 blk of THIRD STREET S
CC1308495,0,100 blk of HEALEY E
CC1308549,0,300 blk of CHALMERS E
CC1308581,0,600 blk of STOUGHTON E
CC1308524,29,S SIXTH ST / E ARMORY AVE
CC1308614,0,500 blk of STOUGHTON ST
CC1308654,0,blk of SPRINGFIELD E
CC1308571,0,200 blk of SIXTH S
CC1308685,0,100 blk of STOUGHTON ST
CC1308670,0,500 blk of S FOURTH ST
CC1308823,0,GREEN ST E / THIRD STREET
FI132680351,50,FREER HALL
FI132680244,13,SPRINGFIELD/GOODWIN
CSA-13-21,47,STUDENT UNION
II1301807,36,EDUCATION BLDG
II1301811,34,IKENBERRY DINING HALL
II1301806,0,blk of SPRINGFIELD AV/WATER
FI132690046,16,GOODWIN/GREEN
FI132690012,0,310 E SPRINGFIELD
FI132690295,33,FIRST/STADIUM
FI132690440,5,GOODWIN/MAIN
II1301823,49,IGB
II1301825,36,WRIGHT ST N / UNIVERSITY
FI132700030,0,505 S FOURTH
FI132700524,0,400-BLK E GREEN
FI132700038,34,301 E GREGORY
AI132700029,0,SIXTH/CHALMERS
II1301830,0,SPRINGFIELD AV E / MARKET ST
II1301829,0,UNIVERSITY AVE E / CHESTNUT ST
II1301828,18,DANIEL ST E / SIXTH STREET
FI132710550,47,1402 GREGORY DR
FI132710100,0,JOHN/FOURTH
FI132710087,41,1100 W FLORIDA AVE
FI132710083,47,WRIGHT/DANIEL
FI132710489,0,FIRST/CHALMERS
FI132720069,0,CHALMERS/FIFTH
FI132720052,34,SECOND/EUCLID
2192-2013,0,PRIVATE APARTMENT
II1301854,47,SMITH MUSIC HALL
II1301860,0,I HOTEL
II1301856,0,CREPE DELICIOUS
FI132740418,41,FAR
1828-2013,0,UNIVERSITY PROPERTY
1839-2013,34,BARTON HALL
II1301865,43,FIRST ST / KIRBY AVE
II1301871,31,500 blk of ARMORY E
II1301870,1,COORDINATED SCIENCE
FI132750013,47,FOELLINGER AUD
FI132750044,0,PARKING LOT E-20
AI132750027,0,304 E DANIEL ST
II1301874,0,THIRD S / DANIEL E
II1301880,49,BEVIER HALL
II1301883,36,PARKING LOT F-29
II1301876,45,FLORIDA / LINCOLN
FI132760061,34,1209 EUCLID ST
FI132760393,41,1000 W FLORIDA
1870-2013,34,1209 EUCLID
II1302067,0,ROYSE AND BRINKMEYER
CC1308961,0,500 blk of E CLARK
CC1308352,0,JOE'S BAR
CC1308817,0,RED FOX
CC1308819,0,NOODLES
CC1308889,0,KAM'S
CC1308989,0,500 blk of SECOND ST S
FI132770053,0,51 E GREEN
FI132770024,0,700 E FIFTH ST
II1301900,0,GREEN ST / FIFTH ST
II1301897,34,GREGORY DR / FIRST S
FI132780010,0,ALICE CAMPBELL ALUMNI CENTER
FI132780028,46,IDEA GARDEN
FI132780077,0,805 S FOURTH
II1301906,26,700 blk of GREGORY PL
II1301907,29,SIXTH ST S / ARMORY
II1301909,0,COMPLEX FIELD
II1301911,0,FIRST ST S / GERTY
II1301937,0,HOULIHANS
II1301919,0,WATER ST / LOGAN ST
FI132800006,36,STOCK PAVILLON
CSA-13-23,0,QUAD AREA
II1301927,36,PARKING LOT F-28
II1301925,0,FIRST ST / KIRBY AVE E
CC1309012,0,100 blk of E SPRINGFIELD AV
CC1308908,27,400 blk of CHALMERS ST
UU1305693,0,DORNER / GREGORY
UU1305721,0,700 blk of GOODWIN S
UU1305562,0,LINCOLN / OREGON
UU1305355,0,NABOR HOUSE
UU1305449,0,800 blk of OREGON ST W
II1301935,43,KIRBY AV / FIRST ST
II1301936,0,1100 blk of LINCOLN AVE S
CSA-13-26,0,AREA OF RED LION BAR
II1301944,47,FOREIGN LANGUAGE BLDG
II1301946,0,SIXTH S / HEALEY
II1301956,11,EVERITT LABORATORY
II1301957,0,FIFTH ST / HEALEY ST E
FI132840540,0,TAVS HOUSE
AI132840563,0,800-BLK S FIFTH
II1301959,0,FIRST / CLARK
II1301961,47,CHEMISTRY ANNEX
II1301963,43,STATE FARM CENTER
FI132850122,16,ILLINOIS/GOODWIN
FI132850085,36,VIRGINIA/COLLEGE
FI132850322,50,BUSEY EVANS HALL
FI132850013,0,GREEN/LOCUST
FI132850492,0,ARMORY/OAK
II1301965,0,300 blk of GREEN S
II1301976,0,LINCOLN / ILLINOIS
II1301973,0,4100 blk of FIRST ST S
FI132860069,0,SECOND/DANIEL
II1301980,48,SIXTH / GREGORY
II1301988,15,MATHEWS AV / OREGON
II1301990,22,500 blk of CHALMERS E
II1301991,36,FIFTH ST / UNIVERSITY
II1301993,11,200 blk of WRIGHT ST N
FI132880437,0,FLORIDA/GOODWIN
II1302002,10,SIXTH ST / HEALEY ST
II1302001,18,SIXTH ST S / GREEN
II1302004,15,MORRILL HALL
II1302012,0,NEWMARK ENGINEERING
II1302079,0,THIRD ST / JOHN ST
UU1305967,0,200 blk of COLER AVE N
UU1305785,0,600 blk of LINCOLN S
UU1305784,0,900 blk of PENNSYLVANIA W
UU1305814,0,800 blk of IOWA ST W
UU1305783,0,700 blk of GREEN ST W
CC1309127,14,ZORBAS
CC1309352,0,FOURTH ST / GREEN ST
CC1309328,0,"310 E SPRINGFIELD AV, CH"
CC1309390,0,GREEN ST E / FIRST STREET
CC1309145,0,GREEN E / SECOND
CC1309476,0,900 blk of S LOCUST ST
AI132890016,0,JOHN/THIRD
II1302026,0,SOCCER FIELDS
II1302020,0,2000 blk of VALE ST
FI132910536,0,FOURTH/DANIEL
FI132910487,36,MUMFORD HALL
II1302029,35,FOURTH ST / GREGORY DR
II1302033,0,LOT 36
II1302037,0,ADVANCE AUTO PARTS
II1302031,0,HOUSING FOOD STORE
FI132920437,36,600-E PEABODY
FI132920519,0,SPRINGFIELD/HARVEY
FI132920102,14,600-GRREN
FI132920553,0,CAB
2048-2013,50,EVANS HALL
2065-2013,0,FOURTH/GREGORY
II1302039,0,PARKING LOT E-28
II1301805,0,GREEN ST E / NEIL ST S
II1302048,34,BARTON RESIDENCE HALL
II1302042,0,600 blk of GREGORY ST S
II1302043,47,ILLINI UNION QUAD SHOP
II1302047,0,LAMBDA CHI ALPHA SENIOR
FI132930472,14,600-E GREEN
FI132930027,0,700 S THIRD
II1302054,8,SPRINGFIELD AV / GOODWIN AVE
II1302056,0,SIXTH ST S / STOUGHTON
II1302068,0,PENNSYLVANIA AV / DORNER
II1302072,18,SIXTH ST S / SPRINGFIELD E
UU1306175,0,1400 blk of FIRST ST S
UU1305970,0,100 blk of GREGORY ST N
CC1309483,0,PAPA D'S
CC1309499,0,100 blk of CHALMERS ST E
CC1309038,11,S WRIGHT ST / E HEALEY ST
CC1309685,0,CHALMERS ST / THIRD STREET
CC1309713,10,600 blk of E HEALEY ST
CC1309761,0,200 blk of STOUGHTON ST
CC1309753,30,1100 blk of S FIRST ST
CC1308616,30,S FIRST ST / ARMORY
CC1309187,10,MURPHYS PUB
CC1309562,14,GREEN ST / SIXTH ST
CC1309749,0,400 blk of S SIXTH ST
CC1309734,0,CVS
CC1309848,0,S FIFTH ST / GREEN
CC1309873,0,100 blk of HEALEY ST E
CC1309864,0,PARKETTE 159
CC1310011,21,900 blk of FOURTH ST S
CC1309671,0,CHESTNUT ST / MAIN ST
CC1309974,0,STOUGHTON ST / THIRD
CC1309943,0,blk of GREGORY DR
CC1309168,47,S WRIGHT ST / GREEN ST
II1302074,0,900 blk of COLLEGE CT
II1302080,40,UNIVERSITY AVE / GOODWIN AVE
FI132970519,0,58 E DANIEL
FI132970542,0,FIFTH/DANIEL
II1302086,0,1400 blk of MARYLAND DR S
II1302083,48,GREGORY / SIXTH STREET
CC1309128,0,OAK ST / CHALMERS
CC1308900,0,100 blk of FIRST ST N
II1302094,47,DANIEL E / WRIGHT S
II1302089,40,NEVADA ST / GOODWIN S
FI132990555,39,OAK/STADIUM
AR132990030,0,1117 S OAK ST
II1302098,0,FOURTH ST S / GREEN
FI133000472,17,PARKING LOT D-18
II1302104,0,GREEN W / LINCOLN
II1302105,15,600 blk of GOODWIN AV N
II1302108,12,TRANSPORTATION BLDG
II1302107,36,NATURAL RES GARAGE
II1302110,32,LINCOLN AVE RESIDENCE HAL
II1302129,0,DECATUR
II1302119,13,GREEN ST / GOODWIN AV
II1302120,0,100 blk of MAIN ST E
UU1306123,0,700 blk of W NEVADA ST
CC1309995,0,blk of CHALMERS ST
CC1309178,0,JOES' BREWERY
FI133020248,14,ILLINI HALL
FI133020460,0,STADIUM/NEIL
II1302132,0,GREEN ST / LINCOLN AVE
II1302122,22,900 blk of FIFTH STREET S
II1302136,10,600 blk of HEALEY ST E
CC1310129,0,400 blk of STOUGHTON ST
CC1310167,18,600 blk of DANIEL ST/S WRIGHT S
II1302143,31,ARMORY AVE E / FOURTH ST
UU1306310,0,1400 blk of GREEN W
CC1310091,0,800 blk of FOURTH ST S
CC1310110,0,500 blk of E WHITE ST
UU1304613,0,100 blk of BUSEY
UU1304771,49,MAIN ST W / GREGORY
UU1305066,0,900 blk of HARVEY ST
UU1305102,0,800 blk of ILLINOIS W
UU1305692,0,NIRO'S GYROS
FI133050653,25,1200 W OREGON
FI133060064,50,GOODWIN/NEVADA
FI133060279,34,1201 S FOURTH ST
FI133060042,0,512 S THIRD
FI133060553,0,FIRST/JOHN
2288-2013,0,PI KAPPA PHI
FI133070042,14,600 E GREEN
II1302154,1,NEWMARK LAB
II1302153,6,WASTE TRANSFER STATION
FI133080038,0,LINCOLN/GREEN
II1302164,0,SPRINGFIELD AVE / SECOND ST
II1302166,0,FREEMAN FELLOWS
II1302171,0,1200 blk of DORNER DR S
CC1309996,0,E STOUGHTON / FIFTH
UU1306287,0,LINCOLN AVE S / CALIFORNIA
UU1306288,0,LINCOLN AVE S / ILLINOIS
FI133090047,0,GREEN/FOURTH
AR133090117,22,912 S FIFTH
CSA-13-28,0,CHICAGO
II1302173,0,PRESENCE HOSPITAL
II1302172,18,COBLE HALL
II1302175,36,NATURAL RESOURCE BUILDING
II1302188,0,DUNLAP AV N / WINDSOR
II1302189,0,KIRBY AVE / NEIL ST
II1302196,32,MCKINLEY HEALTH CENTER
CC1310430,0,100 blk of E UNIVERSITY AVE
CC1310253,0,EUCLID ST / ARMORY
CC1310434,0,200 blk of SIXTH STREET S
CC1310416,0,600 blk of SIXTH W
CC1310310,23,KAPPA ALPHA THETA
CC1310369,0,blk of E GREEN
II1302212,0,LINCOLN / GREEN
FI133130040,47,GREEN/WRIGHT
2291-2013,32,SHELDEN HALL
II1302221,0,PARKING LOT J
FI133140022,9,VIVARIUM
II1302231,0,LEVIS FACULTY CENTER
CC1310626,0,ALPHA SIGMA FRATERNITY
FI133170023,28,LABOR & INDUSTRIAL RELATIONS
II1302238,0,LOCUST ST / GREEN ST
II1302240,36,TEMPLE BUELL HALL
II1302237,0,500 blk of BUSEY AVE S
CC1310249,0,FIRST ST / CHALMERS
CC1310074,14,ITS BROTHERS BAR
FI133170436,25,1200 W NEVADA
II1302244,27,ICE ARENA
FI133190001,24,MATHEWS/OREGON
II1302251,0,WHITE ST / CLARK ST
FI133200350,0,111 E GREEN ST
II1302259,47,WRIGHT ST / GREEN
II1302260,0,BUILDERS SUPPLY
II1302268,0,CHILDRENS RESEARCH CENTER
II1302308,0,EDGAR COUNTY AIRPORT
II1302276,16,ISR DINING
CSA-13-31,0,WENDY'S 608 S SIXTH ST
II1302283,0,NEVADA W / LINCOLN
II1302284,0,COLUMBIA W / ELM ST
II1302292,1,1100 blk of STOUGHTON ST
UU1306719,25,GOODWIN AVE / OREGON
CC1310483,0,900 blk of LOCUST ST
CC1310512,0,800 blk of S LOCUST ST
CC1310653,0,E FOURTH ST / SPRINGFIELD
CC1310946,0,DANIEL / THIRD
CC1310677,0,300 blk of CHALMERS ST
CC1310662,0,300 blk of E ARMORY AVE
CC1310773,0,ACACIA FRATERNITY
CC1310852,0,ALPHA RHO CHI
CC1310903,23,SIXTH STREET S / CHALMERS
II1302302,0,LINCOLN AVE S / HAZELWOOD
II1302337,0,CHAMPAIGN
UU1306916,36,I74 / UNIVERSITY
CC1310711,0,FAT SANDWICH
CC1310403,0,100 blk of GREEN E
CC1311011,0,200 blk of LOCUST ST
II1302312,18,JOHN ST E / SIXTH
CC1310968,0,S FOURTH ST / E GREEN ST
CC1310719,0,ESQUIRE
FI133320057,0,2084 S ORCHARD ST
II1302322,0,600 blk of SECOND ST S
UU1306847,41,SIGMA NU
CC1310254,0,TRIANGLE FRATERNITY
CC1310651,14,CLYBORNS BAR
CC1310650,0,S THIRD ST / JOHN STREET
CC1310452,0,E HEALEY ST / S SECOND ST
CC1311017,0,WHITE ST E / SIXTH ST S
CC1311079,18,E JOHN ST / SIXTH ST
CC1310445,0,600 blk of WHITE ST E
CC1310461,0,FOURTH ST S / GREGORY
CC1310462,0,CHALMERS ST E / THIRD
CC1310506,0,900 blk of S OAK ST
CC1310545,0,WATER ST / CHESTER
CC1310498,0,THIRD ST S / CHALMERS ST
CC1310900,0,700 blk of S FIFTH ST
CC1310466,0,400 blk of W HILL
CC1310901,0,S FIFTH ST / GREEN ST
CC1310902,0,"CLYBORNS, CH"
CC1311050,0,VENUE 51
AR133370029,0,MARY ANN'S-OREGON
II1302335,0,DCFS
CC1310266,47,GREEN ST E / WRIGHT ST S
FI133380018,0,309 E GREEN ST
II1302339,0,GOODWIN / OREGON
II1302340,0,1300 blk of UNIVERSITY AVENUE W
CC1311159,0,MANZELLA'S ITALIAN PATIO
CC1311125,0,CHALMERS ST / THIRD
CC1311423,47,WRIGHT / GREEN
CC1311276,47,1000 blk of WRIGHT ST S
CC1311342,34,200 blk of GREGORY DR
FI133400047,0,FAT CITY
AR133400033,0,300-BLK E JOHN ST
II1302347,0,GREEN ST / FIRST ST S
II1302349,0,1600 blk of MELROSE VALLEY CT
II1302355,18,WRIGHT S / UNIVERSITY
CSA-13-33,18,AREA OF 600-BLK DANIEL ST
II1302362,0,SUBWAY
FI133420060,27,401 E CHALMERS
FI133420075,0,THIRD/GREEN
FI133420007,0,GOODWIN/OREGON
CSA-13-34,0,BUILDING ON CAMPUS
II1302367,0,PARKING LOT F-17
II1302368,11,WRIGHT ST / SPRINFIELD AVE
II1302365,35,KRANNART ART MUSEUM
FI133430027,44,ST MARYS/GOODWIN
II1302372,0,COMANCHE DR / CAMPBELL
II1302370,0,HILL / GOODWIN
II1302376,0,MAHOMET & MEB
CC1311239,0,GREEN ST E / FOURTH STREET
CC1310293,0,THE BEACH SUN & SPA
CC1311721,0,NEIL ST / KNOLLWOOD
II1302386,0,WINDSOR ROAD / CURTIS ROAD
II1302378,0,GREEN E / FOURTH
CC1311633,1,300 blk of S WRIGHT ST
CC1311114,0,FIRST / WHITE
II1302387,0,PENNSYLVANIA AVE W / VIRGINIA
II1302390,0,FOURTH ST S / JOHN ST E
II1302394,0,200 blk of FIFTH STREET S
II1302398,0,GREEN ST / GREGORY ST
II1302408,36,ART STUDIO EAST ANNEX
II1302406,31,500 blk of ARMORY AV E
II1302415,12,TRANSPORTATION BUILDING
II1302421,0,LINCOLN / BRADLEY
II1302422,0,GREEN ST / GREGORY
UU1306991,0,1000 blk of CLARK ST
UU1306960,0,100 blk of GREGORY ST S
FI133520042,0,FLORIDA/ORCHARD
II1302431,0,EVERS LAB
UU1307361,1,900 blk of STOUGHTON ST
UU1307334,0,100 blk of GREGORY N
FI133540055,40,MT HOPE CEMETARY
FI133550043,0,SPRINGFIELD VIADUCT
UU1306841,6,HOT WOK
UU1306479,50,GOODWIN AV / NEVADA W
UU1306235,36,1000 blk of PENNSYLVANIA AV W
UU1306813,0,700 blk of OHIO ST
UU1306774,0,400 blk of BUSEY S
UU1306474,50,NEVADA / GOODWIN
UU1306694,0,HAMPTON INN
UU1306486,0,2400 blk of BOUDREAU DR
UU1306825,0,800 blk of FLORIDA W
UU1307390,0,GREEN W / BUSEY S
CC1212485,0,CLARK / SIXTH STREET
CC1311859,0,THIRD ST / WHITE ST
CC1311761,47,800 blk of WRIGHT ST S
CC1311924,0,E JOHN ST / FOURTH ST
CC1312458,0,200 blk of HEALEY ST E
CC1312456,0,300 blk of E STOUGHTON ST
CC1312154,10,CAMPUS PROP MANAGEMENT
CC1312166,18,DANIEL ST / SIXTH ST
CC1312080,0,GRIFOLS
CC1311937,0,ALPHA DELTA PHI
UU1307250,0,700 blk of HIGH ST W
CC1312150,10,RAGSTOCK
CC1312053,0,SECOND ST / E JOHN ST
CC1300099,0,N FOURTH ST / UNIVERSITY AV
CC1301788,0,S FOURTH ST / GREEN ST
CC1303775,21,ALPHA KAPPA LAMBDA
CC1308305,0,blk of E ARMORY AV
CC1309475,0,TYPECAST
CC1310255,0,DANIEL ST / LOCUST ST
CC1310720,0,WRIGHT ST / UNIVERSITY
CC1307385,22,OMEGA DELTA
CC1307629,0,200 blk of DANIEL E
CC1307671,0,400 blk of JOHN E
CC1308521,0,STOUGHTON E / SIXTH
CC1312370,0,S FIRST ST / GREGORY
UU1305989,0,1000 blk of MAIN ST W
UU1300603,0,1000 blk of CLARK ST W
